{
  "type": "Crisp_Transportation_Problem",
  "size": {
    "sources": 3,
    "destinations": 4
  },
  "costs": [
    [
      2.3199999999999994,
      5.19,
      7.25,
      6.5
    ],
    [
      2.13,
      5.19,
      8.12,
      2.1299999999999994
    ],
    [
      2.32,
      6.5,
      9.3,
      2.13
    ]
  ],
  "supply": [
    5.41,
    8.009999999999998,
    2.59
  ],
  "demand": [
    2.19,
    2.19,
    5.129999999999999,
    6.5
  ]
}